3.300000000000002237e-02,9.999988959286751466e+00,-1.040756085838827616e+00,9.997238962555609731e+00
6.600000000000004474e-02,9.999852811406890751e+00,-1.025373212648301724e+00,9.987742798486467066e+00
9.900000000000007405e-02,9.999326709084208176e+00,-1.003260630534501097e+00,9.971499723062349219e+00
1.320000000000000895e-01,9.998028137993541620e+00,-9.761639962348560573e-01,9.948522871570460779e+00
1.650000000000001188e-01,9.995487840117606382e+00,-9.454829595927298769e-01,9.918839747757521863e+00
1.980000000000001481e-01,9.991174930527105147e+00,-9.123356430493014813e-01,9.882496720806948076e+00
2.310000000000001774e-01,9.984517276181394507e+00,-8.776113114029397977e-01,9.839562074586925888e+00
2.640000000000001790e-01,9.974917959961706160e+00,-8.420133838198768927e-01,9.790127567201318826e+00
2.970000000000002083e-01,9.961768479799660625e+00,-8.060945485427248869e-01,9.734308668667360109e+00
3.300000000000002376e-01,9.944459211596619497e+00,-7.702854204105378244e-01,9.672243731858401361e+00
3.630000000000002669e-01,9.922387577865455555e+00,-7.349179192284216455e-01,9.604092369646535232e+00
3.960000000000002962e-01,9.894964298723023077e+00,-7.002443326129226264e-01,9.530033292037728643e+00
4.290000000000003255e-01,9.861618049641940331e+00,-6.664528515244532159e-01,9.450261820772631438e+00
4.620000000000003548e-01,9.821798806283053906e+00,-6.336802231888007952e-01,9.364987257022361788e+00
4.950000000000003841e-01,9.774980118091205483e+00,-6.020220487043959068e-01,9.274430236969818608e+00
5.280000000000003579e-01,9.720660517819327495e+00,-5.715411565836685526e-01,9.178820173560083617e+00
5.610000000000003872e-01,9.658364243155883599e+00,-5.422744049018168866e-01,9.078392851899154792e+00
5.940000000000004166e-01,9.587641418916657443e+00,-5.142382004469583379e-01,8.973388220904173096e+00
6.270000000000004459e-01,9.508067823694885234e+00,-4.874329706822972952e-01,8.864048404460788788e+00
6.600000000000004752e-01,9.419244343324645996e+00,-4.618467813164404134e-01,8.750615940826588002e+00
6.930000000000005045e-01,9.320796194847902782e+00,-4.374582570921301539e-01,8.633332248536575548e+00
7.260000000000005338e-01,9.212371988688669688e+00,-4.142389346225767710e-01,8.512436309835324622e+00
7.590000000000005631e-01,9.093642683195980680e+00,-3.921551525633155677e-01,8.388163557972021067e+00
7.920000000000005924e-01,8.964300474367004057e+00,-3.711695651530364515e-01,8.260744951940894865e+00
8.250000000000006217e-01,8.824057654142698937e+00,-3.512423494092944409e-01,8.130406220926634120e+00
8.580000000000006510e-01,8.672645462926130477e+00,-3.323321633864857461e-01,7.997367260417679091e+00
8.910000000000006803e-01,8.509831588304045624e+00,-2.976504713830143700e-01,7.861862416841884915e+00
9.240000000000007097e-01,8.337235935221460892e+00,-1.536595006616705561e-01,7.726113088134495044e+00
9.570000000000007390e-01,8.155799135838858405e+00,-2.573553416025209373e-02,7.591241378592791911e+00
9.900000000000007683e-01,7.965355797401699078e+00,8.533184086368750254e-02,7.456680234266249485e+00
1.022999999999998133e+00,7.765939046339306095e+00,1.785660812839804379e-01,7.321603240219268116e+00
1.055999999999994499e+00,7.557813062853213637e+00,2.527057221731576764e-01,7.184926817617760975e+00
1.088999999999990864e+00,7.341515769768159672e+00,3.061283757039601205e-01,7.045322844278745222e+00
1.121999999999987230e+00,7.117914853447441459e+00,3.364365168954241980e-01,6.901259408217064184e+00
1.154999999999983595e+00,6.888410223195787552e+00,3.401942222553939743e-01,6.751527770223851199e+00
1.187999999999979961e+00,6.654851452327712025e+00,3.205435697542546869e-01,6.595541852968192842e+00
1.220999999999976326e+00,6.419183371688143680e+00,2.822673092801417649e-01,6.432950821658021567e+00
1.253999999999972692e+00,6.183312405123246869e+00,2.304873082817713303e-01,6.263626633878747185e+00
1.286999999999969058e+00,5.948985109258477344e+00,1.704354954466265060e-01,6.087786570331747527e+00
1.319999999999965423e+00,5.717677751785989138e+00,1.063061789912682631e-01,5.906013882537735071e+00
1.352999999999961789e+00,5.490606678195057100e+00,4.133192649128614171e-02,5.718842548930472169e+00
1.385999999999958154e+00,5.268761922600035064e+00,-2.190775800690758501e-02,5.526689098496505359e+00
1.418999999999954520e+00,5.052932785948183181e+00,-8.135214387107581047e-02,5.329837680207082151e+00
1.451999999999950886e+00,4.843726447516688793e+00,-1.352577555003318110e-01,5.128430707187575877e+00
1.484999999999947251e+00,4.641399997061718352e+00,-1.760213159990655640e-01,4.922844703680976153e+00
1.517999999999943617e+00,4.445363766941148320e+00,-1.982755719567652619e-01,4.714735941881255776e+00
1.550999999999939982e+00,4.254814327022077514e+00,-2.064777297227982089e-01,4.505825992509690181e+00
1.583999999999936348e+00,4.069045006908314832e+00,-2.047343288696126251e-01,4.297461852860219089e+00
1.616999999999932713e+00,3.887463192327511585e+00,-1.964015821058282540e-01,4.090705386282581735e+00
1.649999999999929079e+00,3.709588252342856052e+00,-1.840881848524755782e-01,3.886396022615615564e+00
1.682999999999925445e+00,3.535040967091052977e+00,-1.697405761394463752e-01,3.685195473698965607e+00
1.715999999999921810e+00,3.363529926471439779e+00,-1.547568122919882327e-01,3.487621185072340424e+00
1.748999999999918176e+00,3.194837775920013279e+00,-1.401011552326778542e-01,3.294072475406910172e+00
1.781999999999914541e+00,3.028808663185680317e+00,-1.264062136040893236e-01,3.104851624663446330e+00
1.814999999999910907e+00,2.865337372852403419e+00,-1.140578251560189216e-01,2.920181213633956219e+00
1.847999999999907272e+00,2.704360174566184938e+00,-1.032623801428460553e-01,2.740218503592716459e+00
1.880999999999903638e+00,2.545847196423414616e+00,-9.409846260515664085e-02,2.565067378880425686e+00
1.913999999999900004e+00,2.389796061718711506e+00,-8.655549192675415782e-02,2.394788238301056360e+00
1.946999999999896369e+00,2.236226528178787198e+00,-8.056210520442430578e-02,2.229406147162967144e+00
1.979999999999892735e+00,2.085175903365375838e+00,-7.600672258163410078e-02,2.068917516687800884e+00
2.012999999999889322e+00,1.936695055320077685e+00,-7.275231181794694635e-02,1.913295545123263608e+00
2.045999999999885688e+00,1.790844882168192598e+00,-7.064693713506287054e-02,1.762494628065400804e+00
2.078999999999882053e+00,1.647693143319964193e+00,-6.953129685313985675e-02,1.616453921338230515e+00
2.111999999999878419e+00,1.507311586694227046e+00,-6.924414280254165277e-02,1.475100217259329938e+00
2.144999999999874785e+00,1.369773331327040822e+00,-6.962623076293361635e-02,1.338350273914995725e+00
2.177999999999871150e+00,1.235150483737653460e+00,-7.052326564974453760e-02,1.206112717077902019e+00
2.210999999999867516e+00,1.103511980504325862e+00,-7.178816587941128091e-02,1.078289615573019944e+00
2.243999999999863881e+00,9.749216594924181578e-01,-7.328286706136744044e-02,9.547778131953155167e-01
2.276999999999860247e+00,8.494365686875227084e-01,-7.487980684526718278e-02,8.354700836911295170e-01
2.309999999999856612e+00,7.271055250350553223e-01,-7.646317362988597210e-02,7.202561598718073554e-01
2.342999999999852978e+00,6.079679363709580286e-01,-7.792995737529295752e-02,6.090236737389496113e-01
2.375999999999849344e+00,4.920528977075502297e-01,-7.919080828255076199e-02,5.016590317439817426e-01
2.408999999999845709e+00,3.793785691161684070e-01,-8.017068696856100019e-02,3.980482382111709683e-01
2.441999999999842075e+00,2.699518366195228225e-01,-8.080927722582664785e-02,2.980776707724288599e-01
2.474999999999838440e+00,1.637682503816186852e-01,-8.106112873480064707e-02,2.016348046124178950e-01
2.507999999999834806e+00,6.081222667608443544e-02,-8.089550139430379261e-02,1.086088775401297113e-01
2.540999999999831171e+00,-3.894250770103013792e-02,-8.029589386722513211e-02,1.889148539965290752e-02
2.573999999999827537e+00,-1.355322570553099126e-01,-7.925925471086614493e-02,-6.762290303335483088e-02
2.606999999999823903e+00,-2.290025188159230396e-01,-7.779489278098417060e-02,-1.510365210461106500e-01
2.639999999999820268e+00,-3.194070044655887841e-01,-7.592312206470630542e-02,-2.314479753560689801e-01
2.672999999999816634e+00,-4.068065600316028707e-01,-7.367369241520904666e-02,-3.089520165291279596e-01
2.705999999999812999e+00,-4.912680268590214894e-01,-7.108406990782345503e-02,-3.836394069475286273e-01
2.738999999999809365e+00,-5.728630815106736662e-01,-6.819763752967133996e-02,-4.555968807704822154e-01
2.771999999999805731e+00,-6.516670901117826986e-01,-6.506188820302050146e-02,-5.249071868099175475e-01
2.804999999999802096e+00,-7.277580076856580149e-01,-6.172667800166653507e-02,-5.916492025474671124e-01
2.837999999999798462e+00,-8.012153474689114319e-01,-5.824259880424786928e-02,-6.558981058014499155e-01
2.870999999999794827e+00,-8.721192393027781264e-01,-5.465951778468358668e-02,-7.177255898385901389e-01
2.903999999999791193e+00,-9.405495903740170860e-01,-5.102531762509698865e-02,-7.772001079319004191e-01
2.936999999999787558e+00,-1.006585356145883736e+00,-4.738485747575715834e-02,-8.343871343347011305e-01
2.969999999999783924e+00,-1.070303924504356630e+00,-4.377916171780604770e-02,-8.893494301708066985e-01
3.002999999999780290e+00,-1.131780612080440562e+00,-4.024483231693931629e-02,-9.421473046203185930e-01
3.035999999999776655e+00,-1.191088268446142351e+00,-3.681367155095482957e-02,-9.928388638128833321e-01
3.068999999999773021e+00,-1.248296981404797279e+00,-3.351249530162636603e-02,-1.041480241858870670e+00
3.101999999999769386e+00,-1.303473874844160108e+00,-3.036311283106662984e-02,-1.088125810326918241e+00
3.134999999999765752e+00,-1.356682989503356751e+00,-2.738244682975476962e-02,-1.132828364128931398e+00
3.167999999999762117e+00,-1.407985236421369635e+00,-2.458276705957729291e-02,-1.175639283152520420e+00
3.200999999999758483e+00,-1.457438412681231199e+00,-2.197201181663999137e-02,-1.216608670072353959e+00
3.233999999999754849e+00,-1.505097269245815994e+00,-1.955417328304598357e-02,-1.255785465583278082e+00
3.266999999999751214e+00,-1.551013621112856455e+00,-1.732972522068010335e-02,-1.293217542856885061e+00
3.299999999999747580e+00,-1.595236490627661041e+00,-1.529607422844847520e-02,-1.328951783363443440e+00
3.332999999999743945e+00,-1.637812275523721439e+00,-1.344801857483446383e-02,-1.363034136363967974e+00
3.365999999999740311e+00,-1.678784934067458323e+00,-1.177820140247121117e-02,-1.395509664401286543e+00
3.398999999999736676e+00,-1.718196180528209993e+00,-1.027754767086896948e-02,-1.426422577041781992e+00
3.431999999999733042e+00,-1.756085685050095435e+00,-8.935676574919781956e-03,-1.455816254972816637e+00
3.464999999999729408e+00,-1.792491272847820838e+00,-7.741283286586408963e-03,-1.483733266371489279e+00
3.497999999999725773e+00,-1.827449118467569633e+00,-6.682485705230334361e-03,-1.510215377249030766e+00
3.530999999999722139e+00,-1.860993931634888909e+00,-5.747133497129297552e-03,-1.535303557258172802e+00
3.563999999999718504e+00,-1.893159131944981866e+00,-4.923078056720875395e-03,-1.559037982238653086e+00
3.596999999999714870e+00,-1.923977010329833703e+00,-4.198403156850716300e-03,-1.581458034576453286e+00
3.629999999999711235e+00,-1.953478875856651698e+00,-3.561616988164928443e-03,-1.602602302269584555e+00
3.662999999999707601e+00,-1.981695186969629319e+00,-3.001807061515648911e-03,-1.622508577428815713e+00
3.695999999999703967e+00,-2.008655666780294169e+00,-2.508760040795365853e-03,-1.641213854796653493e+00
3.728999999999700332e+00,-2.034389402439636285e+00,-2.073049032115470425e-03,-1.658754330740906724e+00
3.761999999999696698e+00,-2.058924928988869141e+00,-1.686091226112296226e-03,-1.675165403069319936e+00
3.794999999999693063e+00,-2.082290298386059391e+00,-1.340178967328853332e-03,-1.690481671917170914e+00
3.827999999999689429e+00,-2.104513134645614514e+00,-1.028487503877073550e-03,-1.704736941879193779e+00
3.860999999999685794e+00,-2.125620676210141724e+00,-7.450626890399547619e-04,-1.717964225488881169e+00
3.893999999999682160e+00,-2.145639806803494309e+00,-4.847918655066507654e-04,-1.730195748090508800e+00
3.926999999999678526e+00,-2.164597076094324279e+00,-2.433611012726544232e-04,-1.741462954101791638e+00
3.959999999999674891e+00,-2.182518711536705069e+00,-1.720174832531284892e-05,-1.751796514625763024e+00
3.992999999999671257e+00,-2.199430622753087761e+00,1.965708488420592204e-04,-1.761226336339465348e+00
4.025999999999679169e+00,-2.215358399791190536e+00,4.002239503588800318e-04,-1.769781571562734968e+00
4.058999999999690189e+00,-2.230327306525593301e+00,5.954769898715017717e-04,-1.777490629392831423e+00
4.091999999999701210e+00,-2.244362270392157299e+00,7.835720733815332295e-04,-1.784381187778423694e+00
4.124999999999712230e+00,-2.257487869544471337e+00,9.653436557806038820e-04,-1.790480206399809759e+00
4.157999999999723251e+00,-2.269728318410724199e+00,1.141285894218357910e-03,-1.795813940219662896e+00
4.190999999999734271e+00,-2.281107452511761835e+00,1.311616490008216118e-03,-1.800407953570182684e+00
4.223999999999745292e+00,-2.291648713279927918e+00,1.476336051444260278e-03,-1.804287134647143631e+00
4.256999999999756312e+00,-2.301375133497721492e+00,1.635282308889651759e-03,-1.807475710288656501e+00
4.289999999999767333e+00,-2.310309323857891783e+00,1.788178690571129437e-03,-1.809997260925735318e+00
4.322999999999778353e+00,-2.318473461034985306e+00,1.934677016328434362e-03,-1.811874735602426512e+00
4.355999999999789374e+00,-2.325889277554429313e+00,2.074394215236363692e-03,-1.813130466974893551e+00
4.388999999999800394e+00,-2.332578053650250283e+00,2.206943157296636926e-03,-1.813786186210897711e+00
4.421999999999811415e+00,-2.338560611218060359e+00,2.331957800288053662e-03,-1.813863037722949656e+00
4.454999999999822435e+00,-2.343857309895627239e+00,2.449112966982136541e-03,-1.813381593680352566e+00
4.487999999999833456e+00,-2.348488045240483046e+00,2.558139155178329460e-03,-1.812361868256175512e+00
4.520999999999844476e+00,-2.352472248921563036e+00,2.658832831132107444e-03,-1.810823331575548423e+00
4.553999999999855497e+00,-2.355828890800088615e+00,2.751062708935325674e-03,-1.808784923340887474e+00
4.586999999999866517e+00,-2.358576482742995140e+00,2.834772531395968187e-03,-1.806265066117807905e+00
4.619999999999877538e+00,-2.360733083989373426e+00,2.909980873485817909e-03,-1.803281678272600885e+00
4.652999999999888558e+00,-2.362316307875834909e+00,2.976778485537900920e-03,-1.799852186558192457e+00
4.685999999999899579e+00,-2.363343329719736374e+00,3.035323664263511745e-03,-1.795993538350224128e+00
4.718999999999910600e+00,-2.363830895658189490e+00,3.085836122397545012e-03,-1.791722213539166830e+00
4.751999999999921620e+00,-2.363795332245551606e+00,3.128589774965995218e-03,-1.787054236086987657e+00
4.784999999999932641e+00,-2.363252556621063150e+00,3.163904833403341499e-03,-1.782005185259444957e+00
4.817999999999943661e+00,-2.362218087070719008e+00,3.192139541916549916e-03,-1.776590206546417861e+00
4.850999999999954682e+00,-2.360707053822634904e+00,3.213681857077599346e-03,-1.770824022283571608e+00
4.883999999999965702e+00,-2.358734209931927950e+00,3.228941309410648941e-03,-1.764720941989065039e+00
4.916999999999976723e+00,-2.356313942129171224e+00,3.238341253113175000e-03,-1.758294872428997735e+00
4.949999999999987743e+00,-2.353460281524693443e+00,3.242311658817165210e-03,-1.751559327424921264e+00
4.982999999999998764e+00,-2.350186914079403167e+00,3.241282571996517703e-03,-1.744527437416083515e+00
5.016000000000009784e+00,-2.346507190770211082e+00,3.235678308388889590e-03,-1.737211958788439148e+00
5.049000000000020805e+00,-2.342434137395217775e+00,3.225912444132728041e-03,-1.729625282981473333e+00
5.082000000000031825e+00,-2.337980463978810874e+00,3.212383612059888094e-03,-1.721779445382951579e+00
5.115000000000042846e+00,-2.333158573751322962e+00,3.195472096462426137e-03,-1.713686134020775853e+00
5.148000000000053866e+00,-2.327980571689989731e+00,3.175537208172096726e-03,-1.705356698060231935e+00
5.181000000000064887e+00,-2.322458272618970199e+00,3.152915381970489150e-03,-1.696802156113839999e+00
5.214000000000075907e+00,-2.316603208875250175e+00,3.127918954025421527e-03,-1.688033204370306350e+00
5.247000000000086928e+00,-2.310426637554769513e+00,3.100835545271518612e-03,-1.679060224548313940e+00
5.280000000000097948e+00,-2.303939547358934803e+00,3.071927978209876287e-03,-1.669893291680073943e+00
5.313000000000108969e+00,-2.297152665066370503e+00,3.041434661742226098e-03,-1.660542181728990485e+00
5.346000000000119989e+00,-2.290076461657676532e+00,3.009570356410584679e-03,-1.651016379045362470e+00
5.379000000000131010e+00,-2.282721158122869909e+00,2.976527255002858752e-03,-1.641325083663435436e+00
5.412000000000142030e+00,-2.275096730982147264e+00,2.942476309141239810e-03,-1.631477218442832111e+00
5.445000000000153051e+00,-2.267212917550425644e+00,2.907568726181697372e-03,-1.621481436057154113e+00
5.478000000000164071e+00,-2.259079220975303670e+00,2.871937587570094763e-03,-1.611346125832143983e+00
5.511000000000175092e+00,-2.250704915076646273e+00,2.835699527706792011e-03,-1.601079420435846501e+00
5.544000000000186112e+00,-2.242099049014127488e+00,2.798956431839139114e-03,-1.590689202422842286e+00
5.577000000000197133e+00,-2.233270451806665946e+00,2.761797105823582399e-03,-1.580183110634790111e+00
5.610000000000208153e+00,-2.224227736725383764e+00,2.724298891215282126e-03,-1.569568546459287006e+00
5.643000000000219174e+00,-2.214979305578912872e+00,2.686529194414255528e-03,-1.558852679949097819e+00
5.676000000000230195e+00,-2.205533352907439237e+00,2.648546913496918620e-03,-1.548042455803855688e+00
5.709000000000241215e+00,-2.195897870099075888e+00,2.610403746089895449e-03,-1.537144599216267338e+00
5.742000000000252236e+00,-2.186080649439787749e+00,2.572145365624667335e-03,-1.526165621585024113e+00
5.775000000000263256e+00,-2.176089288105739428e+00,2.533812473073382421e-03,-1.515111826096413594e+00
5.808000000000274277e+00,-2.165931192104803671e+00,2.495441704108314340e-03,-1.503989313177012122e+00
5.841000000000285297e+00,-2.155613580171944932e+00,2.457066419722986339e-03,-1.492803985819534773e+00
5.874000000000296318e+00,-2.145143487621718137e+00,2.418717359719213533e-03,-1.481561554784173396e+00
5.907000000000307338e+00,-2.134527770159373006e+00,2.380423187852587219e-03,-1.470267543677728383e+00
5.940000000000318359e+00,-2.123773107651169667e+00,2.342210925216470230e-03,-1.458927293912768874e+00
5.973000000000329379e+00,-2.112886007853274961e+00,2.304106290411001012e-03,-1.447545969549313583e+00
6.006000000000340400e+00,-2.101872810097994204e+00,2.266133949814008730e-03,-1.436128562021208310e+00
6.039000000000351420e+00,-2.090739688935467910e+00,2.228317697951620602e-03,-1.424679894749660392e+00
6.072000000000362441e+00,-2.079492657728604144e+00,2.190680568531444550e-03,-1.413204627646244660e+00
6.105000000000373461e+00,-2.068137572198878615e+00,2.153244902206585820e-03,-1.401707261507725732e+00
6.138000000000384482e+00,-2.056680133920329112e+00,2.116032365528486281e-03,-1.390192142304979228e+00
6.171000000000395502e+00,-2.045125893759481173e+00,2.079063938918102039e-03,-1.378663465368376251e+00
6.204000000000406523e+00,-2.033480255258730551e+00,2.042359883417166344e-03,-1.367125279471833821e+00
6.237000000000417543e+00,-2.021748477961097024e+00,2.005939690076008475e-03,-1.355581490817810320e+00
6.270000000000428564e+00,-2.009935680674560743e+00,1.969822018524469698e-03,-1.344035866925450406e+00
6.303000000000439584e+00,-1.998046844674371769e+00,1.934024635207975962e-03,-1.332492040424019919e+00
6.336000000000450605e+00,-1.986086816842190572e+00,1.898564350964138114e-03,-1.320953512753783698e+00
6.369000000000461625e+00,-1.974060312741171330e+00,1.863456961101350728e-03,-1.309423657776386918e+00
6.402000000000472646e+00,-1.961971919626499528e+00,1.828717197410956175e-03,-1.297905725296821799e+00
6.435000000000483666e+00,-1.949826099391124501e+00,1.794358687528641028e-03,-1.286402844498967468e+00
6.468000000000494687e+00,-1.937627191446884112e+00,1.760393925589465169e-03,-1.274918027296621403e+00
6.501000000000505707e+00,-1.925379415541383921e+00,1.726834251643438733e-03,-1.263454171601990694e+00
6.534000000000516728e+00,-1.913086874511257918e+00,1.693689850777335693e-03,-1.252014064513534919e+00
6.567000000000527749e+00,-1.900753556972750502e+00,1.660969753187080400e-03,-1.240600385424917462e+00
6.600000000000538769e+00,-1.888383339950605588e+00,1.628681854866975698e-03,-1.229215709056941108e+00
6.633000000000549790e+00,-1.875979991446556028e+00,1.596832939616543712e-03,-1.217862508414164324e+00
6.666000000000560810e+00,-1.863547172948665676e+00,1.565428718798056451e-03,-1.206543157667955057e+00
6.699000000000571831e+00,-1.851088441883065983e+00,1.534473868452179701e-03,-1.195259934967642934e+00
6.732000000000582851e+00,-1.838607254009481551e+00,1.503972083608084986e-03,-1.184015025181416547e+00
6.765000000000593872e+00,-1.826106965762139822e+00,1.473926127935731856e-03,-1.172810522568573433e+00
6.798000000000604892e+00,-1.813590836537571249e+00,1.444337893234504122e-03,-1.161648433384671719e+00
6.831000000000615913e+00,-1.801062030930864921e+00,1.415208459055738999e-03,-1.150530678421203490e+00
6.864000000000626933e+00,-1.788523620921914414e+00,1.386538151630700710e-03,-1.139459095481182516e+00
6.897000000000637954e+00,-1.775978588013074955e+00,1.358326608907445276e-03,-1.128435441792206007e+00
6.930000000000648974e+00,-1.763429825319692057e+00,1.330572837710430889e-03,-1.117461396358429226e+00
6.963000000000659995e+00,-1.750880139614926279e+00,1.303275272868553714e-03,-1.106538562252810109e+00
6.996000000000671015e+00,-1.738332253330105104e+00,1.276431837225810995e-03,-1.095668468851075161e+00
7.029000000000682036e+00,-1.725788806511907580e+00,1.250039990491780273e-03,-1.084852574008742465e+00
7.062000000000693056e+00,-1.713252358737523906e+00,1.224096786037520701e-03,-1.074092266182486100e+00
7.095000000000704077e+00,-1.700725390988958807e+00,1.198598913141779576e-03,-1.063388866497229301e+00
7.128000000000715097e+00,-1.688210307487475248e+00,1.173542744741018495e-03,-1.052743630760140547e+00
7.161000000000726118e+00,-1.675709437489180331e+00,1.148924374836601814e-03,-1.042157751422854162e+00
7.194000000000737138e+00,-1.663225037042717958e+00,1.124739657610618337e-03,-1.031632359493132256e+00
7.227000000000748159e+00,-1.650759290709867599e+00,1.100984239153390831e-03,-1.021168526397076448e+00
7.260000000000759179e+00,-1.638314313249976450e+00,1.077653587946425517e-03,-1.010767265793178993e+00
7.293000000000770200e+00,-1.625892151268894636e+00,1.054743019376136459e-03,-1.000429535339280918e+00
7.326000000000781220e+00,-1.613494784833244822e+00,1.032247720436085814e-03,-9.901562384135438322e-01
7.359000000000792241e+00,-1.601124129050676359e+00,1.010162770388234321e-03,-9.799482257906007021e-01
7.392000000000803261e+00,-1.588782035616773669e+00,9.884831572786190179e-04,-9.698062972739087684e-01
7.425000000000814282e+00,-1.576470294329338273e+00,9.672037956796053493e-04,-9.597312032853437813e-01
7.458000000000825302e+00,-1.564190634570536531e+00,9.463195358014875325e-04,-9.497236464130711653e-01
7.491000000000836323e+00,-1.551944726757664483e+00,9.258251804844519484e-04,-9.397842829187315061e-01
7.524000000000847344e+00,-1.539734183763012965e+00,9.057154907632369856e-04,-9.299137242048729490e-01
7.557000000000858364e+00,-1.527560562303447611e+00,8.859851981357635964e-04,-9.201125382435879629e-01
7.590000000000869385e+00,-1.515425364300272193e+00,8.666290095671325133e-04,-9.103812509673403497e-01
7.623000000000880405e+00,-1.503330038209924169e+00,8.476416141081077882e-04,-9.007203476228440309e-01
7.656000000000891426e+00,-1.491275980326038919e+00,8.290176907066459933e-04,-8.911302740889368579e-01
7.689000000000902446e+00,-1.479264536053431556e+00,8.107519124072037897e-04,-8.816114381592647931e-01
7.722000000000913467e+00,-1.467297001154575398e+00,7.928389491396181654e-04,-8.721642107906912855e-01
7.755000000000924487e+00,-1.455374622968991005e+00,7.752734746198086668e-04,-8.627889273182365315e-01
7.788000000000935508e+00,-1.443498601606219012e+00,7.580501713548848386e-04,-8.534858886373815068e-01
7.821000000000946528e+00,-1.431670091112774656e+00,7.411637285128502839e-04,-8.442553623544952757e-01
7.854000000000957549e+00,-1.419890200613666664e+00,7.246088526087213211e-04,-8.350975839062240169e-01
7.887000000000968569e+00,-1.408159995428983180e+00,7.083802668164107530e-04,-8.260127576485629675e-01
7.920000000000979590e+00,-1.396480498166008388e+00,6.924727141384146023e-04,-8.170010579163733411e-01
7.953000000000990610e+00,-1.384852689787420488e+00,6.768809629476013612e-04,-8.080626300540458828e-01
7.986000000001001631e+00,-1.373277510656068401e+00,6.615998078365326052e-04,-7.991975914180819984e-01
8.019000000000994888e+00,-1.361755861556712688e+00,6.466240732745376363e-04,-7.904060323522070775e-01
8.052000000000976598e+00,-1.350288604695354167e+00,6.319486183439249061e-04,-7.816880171357638574e-01
8.085000000000958309e+00,-1.338876564676532155e+00,6.175683357270145279e-04,-7.730435849060164344e-01
8.118000000000940020e+00,-1.327520529459055965e+00,6.034781593486915341e-04,-7.644727505550061863e-01
8.151000000000921730e+00,-1.316221251290659922e+00,5.896730627761304078e-04,-7.559755056016150832e-01
8.184000000000903441e+00,-1.304979447622047317e+00,5.761480627322068671e-04,-7.475518190394385698e-01
8.217000000000885152e+00,-1.293795802000653694e+00,5.628982252705583278e-04,-7.392016381610773124e-01
8.250000000000866862e+00,-1.282670964944719216e+00,5.499186613495687936e-04,-7.309248893594268992e-01
8.283000000000848573e+00,-1.271605554797949011e+00,5.372045345259923721e-04,-7.227214789065818934e-01
8.316000000000830283e+00,-1.260600158565249984e+00,5.247510613086703302e-04,-7.145912937108427343e-01
8.349000000000811994e+00,-1.249655332729972201e+00,5.125535113736923165e-04,-7.065342020524418842e-01
8.382000000000793705e+00,-1.238771604052919528e+00,5.006072109723369579e-04,-6.985500542985008110e-01
8.415000000000775415e+00,-1.227949470353687289e+00,4.889075441398826882e-04,-6.906386835977436078e-01
8.448000000000757126e+00,-1.217189401274582750e+00,4.774499521511543776e-04,-6.827999065554593017e-01
8.481000000000738837e+00,-1.206491839027520996e+00,4.662299391358093459e-04,-6.750335238892510858e-01
8.514000000000720547e+00,-1.195857199124322534e+00,4.552430673152585427e-04,-6.673393210660307773e-01
8.547000000000702258e+00,-1.185285871090645315e+00,4.444849616165313932e-04,-6.597170689207398908e-01
8.580000000000683968e+00,-1.174778219164004156e+00,4.339513098576830430e-04,-6.521665242572645127e-01
8.613000000000665679e+00,-1.164334582976179533e+00,4.236378622912706504e-04,-6.446874304320200366e-01
8.646000000000647390e+00,-1.153955278220303526e+00,4.135404321472524458e-04,-6.372795179205681393e-01
8.679000000000629100e+00,-1.143640597303003048e+00,4.036548963908259680e-04,-6.299425048678308769e-01
8.712000000000610811e+00,-1.133390809981873915e+00,3.939771968939353997e-04,-6.226760976222163180e-01
8.745000000000592522e+00,-1.123206163988637485e+00,3.845033369986872174e-04,-6.154799912540660500e-01
8.778000000000574232e+00,-1.113086885638196577e+00,3.752293852281596287e-04,-6.083538700589379289e-01
8.811000000000555943e+00,-1.103033180424008108e+00,3.661514744464078319e-04,-6.012974080459745352e-01
8.844000000000537653e+00,-1.093045233599944766e+00,3.572657983121896308e-04,-5.943102694118422846e-01
8.877000000000519364e+00,-1.083123210749000975e+00,3.485686156292633342e-04,-5.873921090005662649e-01
8.910000000000501075e+00,-1.073267258339082986e+00,3.400562477433588526e-04,-5.805425727496533739e-01
8.943000000000482785e+00,-1.063477504266160167e+00,3.317250754859557560e-04,-5.737612981228039644e-01
8.976000000000464496e+00,-1.053754058385065306e+00,3.235715449942944133e-04,-5.670479145296738466e-01
9.009000000000446207e+00,-1.044097013028187249e+00,3.155921617465917706e-04,-5.604020437328713911e-01
9.042000000000427917e+00,-1.034506443512274387e+00,3.077834908937759906e-04,-5.538233002426586893e-01
9.075000000000409628e+00,-1.024982408633672293e+00,3.001421601520615212e-04,-5.473112916996178967e-01
9.108000000000391339e+00,-1.015524951152166011e+00,2.926648533698728016e-04,-5.408656192455634226e-01
9.141000000000373049e+00,-1.006134098263741450e+00,2.853483161004977120e-04,-5.344858778831014234e-01
9.174000000000354760e+00,-9.968098620623990769e-01,2.781893498859933089e-04,-5.281716568240337750e-01
9.207000000000336470e+00,-9.875522399913645444e-01,2.711848143384099075e-04,-5.219225398269795591e-01
9.240000000000318181e+00,-9.783612152838383480e-01,2.643316251260685590e-04,-5.157381055244627532e-01
9.273000000000299892e+00,-9.692367573935278813e-01,2.576267550238320325e-04,-5.096179277397361318e-01
9.306000000000281602e+00,-9.601788224151821538e-01,2.510672308939643216e-04,-5.035615757936255932e-01
9.339000000000263313e+00,-9.511873534953743103e-01,2.446501337594053638e-04,-4.975686148016720267e-01
9.372000000000245024e+00,-9.422622812336456377e-01,2.383725993757579431e-04,-4.916386059618371718e-01
9.405000000000226734e+00,-9.334035240743183692e-01,2.322318154996949602e-04,-4.857711068329511050e-01
9.438000000000208445e+00,-9.246109886891318297e-01,2.262250232016871365e-04,-4.799656716042477456e-01
9.471000000000190155e+00,-9.158845703508529112e-01,2.203495130774779653e-04,-4.742218513561802240e-01
9.504000000000171866e+00,-9.072241532981522028e-01,2.146026275677836992e-04,-4.685391943127257264e-01
9.537000000000153577e+00,-8.986296110918452484e-01,2.089817603998511686e-04,-4.629172460854569238e-01
9.570000000000135287e+00,-8.901008069627067698e-01,2.034843516807161024e-04,-4.573555499095931509e-01
9.603000000000116998e+00,-8.816375941510727898e-01,1.981078921937662329e-04,-4.518536468721805477e-01
9.636000000000098709e+00,-8.732398162383372409e-01,1.928499185255283521e-04,-4.464110761327493293e-01
9.669000000000080419e+00,-8.649073074706095099e-01,1.877080159771171708e-04,-4.410273751364943706e-01
9.702000000000062130e+00,-8.566398930745933171e-01,1.826798145991848088e-04,-4.357020798203361522e-01
9.735000000000043840e+00,-8.484373895659320652e-01,1.777629917247836033e-04,-4.304347248118922664e-01
9.768000000000025551e+00,-8.402996050501663206e-01,1.729552660993949331e-04,-4.252248436217378469e-01
9.801000000000007262e+00,-8.322263395164366528e-01,1.682544044587785947e-04,-4.200719688289638043e-01
9.833999999999988972e+00,-8.242173851241059168e-01,1.636582133350827917e-04,-4.149756322603401770e-01
9.866999999999970683e+00,-8.162725264824501892e-01,1.591645440670585998e-04,-4.099353651631982842e-01
9.899999999999952394e+00,-8.083915409235764571e-01,1.547712881087015546e-04,-4.049506983722324094e-01
9.932999999999934104e+00,-8.005741987686896266e-01,1.504763799409225555e-04,-4.000211624703755575e-01
9.965999999999915815e+00,-7.928202635878793814e-01,1.462777917615731837e-04,-3.951462879439215925e-01
9.998999999999897526e+00,-7.851294924535316966e-01,1.421735373046129070e-04,-3.903256053320518504e-01
1.003199999999987924e+01,-7.775016361875515258e-01,1.381616696214393869e-04,-3.855586453708976791e-01
1.006499999999986095e+01,-7.699364396024712676e-01,1.342402780630802539e-04,-3.808449391323645017e-01
1.009799999999984266e+01,-7.624336417366563978e-01,1.304074914101338578e-04,-3.761840181577582598e-01
1.013099999999982437e+01,-7.549929760836064929e-01,1.266614746811001169e-04,-3.715754145864682556e-01
1.016399999999980608e+01,-7.476141708156607280e-01,1.230004284236141388e-04,-3.670186612797596837e-01
1.019699999999978779e+01,-7.402969490020314680e-01,1.194225896776757168e-04,-3.625132919398659226e-01
1.022999999999976950e+01,-7.330410288214626036e-01,1.159262305272523719e-04,-3.580588412244818386e-01
1.026299999999975121e+01,-7.258461237695073009e-01,1.125096561032101761e-04,-3.536548448568375136e-01
1.029599999999973292e+01,-7.187119428606081328e-01,1.091712068419514736e-04,-3.493008397314092406e-01
1.032899999999971463e+01,-7.116381908250613009e-01,1.059092544053452656e-04,-3.449963640154525280e-01
1.036199999999969634e+01,-7.046245683009804139e-01,1.027222041598552238e-04,-3.407409572464299430e-01
1.039499999999967805e+01,-6.976707720214250230e-01,9.960849334555987866e-05,-3.365341604255132069e-01
1.042799999999965976e+01,-6.907764949966672674e-01,9.656658891299407799e-05,-3.323755161072075026e-01
1.046099999999964147e+01,-6.839414266918577567e-01,9.359499034489182634e-05,-3.282645684852418810e-01
1.049399999999962318e+01,-6.771652532000782543e-01,9.069222564250800644e-05,-3.242008634748341223e-01
1.052699999999960490e+01,-6.704476574109463627e-01,8.785685248158259242e-05,-3.201839487914455162e-01
1.055999999999958661e+01,-6.637883191748343847e-01,8.508745751978352700e-05,-3.162133740261072745e-01
1.059299999999956832e+01,-6.571869154628195986e-01,8.238265666871136261e-05,-3.122886907174127202e-01
1.062599999999955003e+01,-6.506431205224476599e-01,7.974109210540092363e-05,-3.084094524202960486e-01
1.065899999999953174e+01,-6.441566060294068308e-01,7.716143461666824521e-05,-3.045752147717362135e-01
1.069199999999951345e+01,-6.377270412351787598e-01,7.464238063015216085e-05,-3.007855355533344266e-01
1.072499999999949516e+01,-6.313540931108363452e-01,7.218265302499915492e-05,-2.970399747510317212e-01
1.075799999999947687e+01,-6.250374264869531515e-01,6.978100109811258278e-05,-2.933380946119292787e-01
1.079099999999945858e+01,-6.187767041898091236e-01,6.743619796201194561e-05,-2.896794596983713888e-01
1.082399999999944029e+01,-6.125715871739210172e-01,6.514704273419269498e-05,-2.860636369392981493e-01
1.085699999999942200e+01,-6.064217346510165640e-01,6.291235740296663437e-05,-2.824901956790402124e-01
1.088999999999940371e+01,-6.003268042155021078e-01,6.073098920444941484e-05,-2.789587077235751167e-01
1.092299999999938542e+01,-5.942864519665089773e-01,5.860180850536522712e-05,-2.754687473843411283e-01
1.095599999999936713e+01,-5.883003326265772159e-01,5.652370581832322216e-05,-2.720198915196565537e-01
1.098899999999934884e+01,-5.823680996571312107e-01,5.449559849157736835e-05,-2.686117195738830787e-01
1.102199999999933056e+01,-5.764894053707099175e-01,5.251642164827430292e-05,-2.652438136143118186e-01
1.105499999999931227e+01,-5.706639010400884615e-01,5.058513396805075502e-05,-2.619157583659319499e-01
1.108799999999929398e+01,-5.648912370043657205e-01,4.870071613516380182e-05,-2.586271412441050188e-01
1.112099999999927569e+01,-5.591710627720232196e-01,4.686216644911311846e-05,-2.553775523852017670e-01
1.115399999999925740e+01,-5.535030271211436315e-01,4.506850614816038103e-05,-2.521665846752600970e-01
1.118699999999923911e+01,-5.478867781967053929e-01,4.331877557461893957e-05,-2.489938337768062837e-01
1.121999999999922082e+01,-5.423219636051292980e-01,4.161203374253297227e-05,-2.458588981537754847e-01
1.125299999999920253e+01,-5.368082305061161463e-01,3.994735999457432740e-05,-2.427613790946807626e-01
1.128599999999918424e+01,-5.313452257017718949e-01,3.832385075219768567e-05,-2.397008807340554881e-01
1.131899999999916595e+01,-5.259325957231997251e-01,3.674062252589926914e-05,-2.366770100722686010e-01
1.135199999999914766e+01,-5.205699869145217207e-01,3.519680929020552185e-05,-2.336893769936452259e-01
1.138499999999912937e+01,-5.152570455143958839e-01,3.369156137389417438e-05,-2.307375942830969251e-01
1.141799999999911108e+01,-5.099934177351546083e-01,3.222404711333837213e-05,-2.278212776412331664e-01
1.145099999999909279e+01,-5.047787498395326367e-01,3.079345253809151473e-05,-2.249400456980232832e-01
1.148399999999907450e+01,-4.996126882151212811e-01,2.939898027443099693e-05,-2.220935200250053754e-01
1.151699999999905621e+01,-4.944948794465222619e-01,2.803984649712987220e-05,-2.192813251461771529e-01
1.154999999999903793e+01,-4.894249703853219557e-01,2.671528720465943252e-05,-2.165030885475704991e-01
1.158299999999901964e+01,-4.844026082178913839e-01,2.542455174037172583e-05,-2.137584406855417285e-01
1.161599999999900135e+01,-4.794274405310989806e-01,2.416690426687573279e-05,-2.110470149938254991e-01
1.164899999999898306e+01,-4.744991153759308133e-01,2.294162474258953921e-05,-2.083684478894571868e-01
1.168199999999896477e+01,-4.696172813291479287e-01,2.174800919174657565e-05,-2.057223787774731250e-01
1.171499999999894648e+01,-4.647815875529488494e-01,2.058536520910259071e-05,-2.031084500545574656e-01
1.174799999999892819e+01,-4.599916838526976193e-01,1.945301698547119429e-05,-2.005263071116551998e-01
1.178099999999890990e+01,-4.552472207328488452e-01,1.835030100250101270e-05,-1.979755983354785087e-01
1.181399999999889161e+01,-4.505478494509578269e-01,1.727656790384557439e-05,-1.954559751090787501e-01
1.184699999999887332e+01,-4.458932220699729498e-01,1.623118149463032012e-05,-1.929670918114627653e-01
1.187999999999885503e+01,-4.412829915087659316e-01,1.521351874544940586e-05,-1.905086058162801521e-01
1.191299999999883674e+01,-4.367168115909390025e-01,1.422296862640948234e-05,-1.880801774896294631e-01
1.194599999999881845e+01,-4.321943370920120486e-01,1.325893394477084541e-05,-1.856814701869833328e-01
1.197899999999880016e+01,-4.277152237849559668e-01,1.232082849034199512e-05,-1.833121502493586519e-01
1.201199999999878187e+01,-4.232791284841646018e-01,1.140807867683335530e-05,-1.809718869986376433e-01
1.204499999999876358e+01,-4.188857090878723710e-01,1.052012261815171712e-05,-1.786603527321481977e-01
1.207799999999874530e+01,-4.145346246190477757e-01,9.656410224101463768e-06,-1.763772227165318895e-01
1.211099999999872701e+01,-4.102255352648853659e-01,8.816401971589726827e-06,-1.741221751808890161e-01
1.214399999999870872e+01,-4.059581024147664863e-01,7.999570373007358626e-06,-1.718948913092681607e-01
1.217699999999869043e+01,-4.017319886968984122e-01,7.205397235310329052e-06,-1.696950552324736350e-01
1.220999999999867214e+01,-3.975468580135377294e-01,6.433377089054559406e-06,-1.675223540193080396e-01
1.224299999999865385e+01,-3.934023755749365137e-01,5.683013629687039270e-06,-1.653764776671646786e-01
1.227599999999863556e+01,-3.892982079319047273e-01,4.953821010955650195e-06,-1.632571190920799609e-01
1.230899999999861727e+01,-3.852340230072126559e-01,4.245323021789815243e-06,-1.611639741182475660e-01
1.234199999999859898e+01,-3.812094901256486423e-01,3.557052914215930173e-06,-1.590967414669712809e-01
1.237499999999858069e+01,-3.772242800429559395e-01,2.888556201341430096e-06,-1.570551227451524312e-01
1.240799999999856240e+01,-3.732780649735456535e-01,2.239383927182814205e-06,-1.550388224332817089e-01
1.244099999999854411e+01,-3.693705186170905819e-01,1.609099122834578566e-06,-1.530475478729620420e-01
1.247399999999852582e+01,-3.655013161839715252e-01,9.972729624330156639e-07,-1.510810092540264549e-01
1.250699999999850753e+01,-3.616701344196773249e-01,4.034862051138787820e-07,-1.491389196011994045e-01
1.253999999999848924e+01,-3.578766516280769139e-01,-1.726738076968103996e-07,-1.472209947604063984e-01
1.257299999999847095e+01,-3.541205476937463459e-01,-7.316081465091883729e-07,-1.453269533846341943e-01
1.260599999999845267e+01,-3.504015041031944833e-01,-1.273712060267939705e-06,-1.434565169195050061e-01
1.263899999999843438e+01,-3.467192039651845192e-01,-1.799371986521691724e-06,-1.416094095884652404e-01
1.267199999999841609e+01,-3.430733320300127787e-01,-2.308964765163068478e-06,-1.397853583776456077e-01
1.270499999999839780e+01,-3.394635747079490784e-01,-2.802861700956782443e-06,-1.379840930204174754e-01
1.273799999999837951e+01,-3.358896200866965387e-01,-3.281425573931073814e-06,-1.362053459816738865e-01
1.277099999999836122e+01,-3.323511579479827560e-01,-3.745010102029766585e-06,-1.344488524418139264e-01
1.280399999999834293e+01,-3.288478797833356282e-01,-4.193963414778068000e-06,-1.327143502804410957e-01
1.283699999999832464e+01,-3.253794788089106049e-01,-4.628626461666840441e-06,-1.310015800598840485e-01
1.286999999999830635e+01,-3.219456499796180537e-01,-5.049332036932696610e-06,-1.293102850083851507e-01
1.290299999999828806e+01,-3.185460900023802111e-01,-5.456406707793348687e-06,-1.276402110031629178e-01
1.293599999999826977e+01,-3.151804973486456163e-01,-5.850169500831725600e-06,-1.259911065531831298e-01
1.296899999999825148e+01,-3.118485722661290538e-01,-6.230933660589244028e-06,-1.243627227818198122e-01
1.300199999999823319e+01,-3.085500167898143076e-01,-6.599005049956474522e-06,-1.227548134092497634e-01
1.303499999999821490e+01,-3.052845347522801234e-01,-6.954683049009702245e-06,-1.211671347347422767e-01
1.306799999999819661e+01,-3.020518317932801011e-01,-7.298262255872600690e-06,-1.195994456187730037e-01
1.310099999999817832e+01,-2.988516153686546772e-01,-7.630029427829754241e-06,-1.180515074649424179e-01
1.313399999999816004e+01,-2.956835947586142765e-01,-7.950265035638892641e-06,-1.165230842018463164e-01
1.316699999999814175e+01,-2.925474810753669885e-01,-8.259245683817084682e-06,-1.150139422647491472e-01
1.319999999999812346e+01,-2.894429872701156370e-01,-8.557241007345339767e-06,-1.135238505771649642e-01
1.323299999999810517e+01,-2.863698281394277956e-01,-8.844513580186230683e-06,-1.120525805323637769e-01
1.326599999999808688e+01,-2.833277203310728964e-01,-9.121322759320094065e-06,-1.105999059747109214e-01
1.329899999999806859e+01,-2.803163823492376139e-01,-9.387921428682943770e-06,-1.091656031809993266e-01
1.333199999999805030e+01,-2.773355345592083410e-01,-9.644556582699692626e-06,-1.077494508416538821e-01
1.336499999999803201e+01,-2.743848991914994428e-01,-9.891470055478635004e-06,-1.063512300418789636e-01
1.339799999999801372e+01,-2.714642003454681429e-01,-1.012889947471506957e-05,-1.049707242427384557e-01
1.343099999999799543e+01,-2.685731639924124892e-01,-1.035707722518708351e-05,-1.036077192622339993e-01
1.346399999999797714e+01,-2.657115179781577297e-01,-1.057623026312626280e-05,-1.022620032562517878e-01
1.349699999999795885e+01,-2.628789920251968226e-01,-1.078658020503553416e-05,-1.009333666995377854e-01
1.352999999999794056e+01,-2.600753177343388955e-01,-1.098834492996303425e-05,-9.962160236663208934e-02
1.356299999999792227e+01,-2.573002285859047333e-01,-1.118173750569440017e-05,-9.832650531275355377e-02
1.359599999999790398e+01,-2.545534599404728482e-01,-1.136696595693820200e-05,-9.704787285470750646e-02
1.362899999999788569e+01,-2.518347490392383037e-01,-1.154423472815579998e-05,-9.578550455175260936e-02
1.366199999999786741e+01,-2.491438350038936989e-01,-1.171374255637402939e-05,-9.453920218648725893e-02
1.369499999999784912e+01,-2.464804588361726445e-01,-1.187568496163748932e-05,-9.330876974570756488e-02
1.372799999999783083e+01,-2.438443634169544794e-01,-1.203025315987815702e-05,-9.209401340131861957e-02
1.376099999999781254e+01,-2.412352935050261493e-01,-1.217763394656401488e-05,-9.089474149122978019e-02
1.379399999999779425e+01,-2.386529957354444065e-01,-1.231800961587481424e-05,-8.971076450026593818e-02
1.382699999999777596e+01,-2.360972186175711585e-01,-1.245155953366605672e-05,-8.854189504113207931e-02
1.385999999999775767e+01,-2.335677125327340065e-01,-1.257845960722647760e-05,-8.738794783537073840e-02
1.389299999999773938e+01,-2.310642297316043425e-01,-1.269887915889000851e-05,-8.624873969439583732e-02
1.392599999999772109e+01,-2.285865243311935302e-01,-1.281298707134226333e-05,-8.512408950053540480e-02
1.395899999999770280e+01,-2.261343523115773024e-01,-1.292094742755267589e-05,-8.401381818811870517e-02
1.399199999999768451e+01,-2.237074715122968627e-01,-1.302291951343903520e-05,-8.291774872464507951e-02
1.402499999999766622e+01,-2.213056416284917560e-01,-1.311906085810221612e-05,-8.183570609195278678e-02
1.405799999999764793e+01,-2.189286242067112198e-01,-1.320952456751456339e-05,-8.076751726749975546e-02
1.409099999999762964e+01,-2.165761826404875023e-01,-1.329446114972654414e-05,-7.971301120564966425e-02
1.412399999999761135e+01,-2.142480821656285173e-01,-1.337401684509131883e-05,-7.867201881908236771e-02
1.415699999999759306e+01,-2.119440898552671371e-01,-1.344833564775882451e-05,-7.764437296021498014e-02
1.418999999999757478e+01,-2.096639746146546912e-01,-1.351755712608593285e-05,-7.662990840272243531e-02
1.422299999999755649e+01,-2.074075071757093269e-01,-1.358182005173347306e-05,-7.562846182312910059e-02
1.425599999999753820e+01,-2.051744600913405492e-01,-1.364125683789296772e-05,-7.463987178248032706e-02
1.428899999999751991e+01,-2.029646077295659268e-01,-1.369600028056083829e-05,-7.366397870807972481e-02
1.432199999999750162e+01,-2.007777262674110830e-01,-1.374617749849704751e-05,-7.270062487533479612e-02
1.435499999999748333e+01,-1.986135936845663252e-01,-1.379191530581636016e-05,-7.174965438965763553e-02
1.438799999999746504e+01,-1.964719897569082718e-01,-1.383333514048956658e-05,-7.081091316847043515e-02
1.442099999999744675e+01,-1.943526960497745648e-01,-1.387055862789310368e-05,-6.988424892328737315e-02
1.445399999999742846e+01,-1.922554959110893691e-01,-1.390370189735534723e-05,-6.896951114192795274e-02
1.448699999999741017e+01,-1.901801744642881431e-01,-1.393287992534908426e-05,-6.806655107076942102e-02
1.451999999999739188e+01,-1.881265186011091828e-01,-1.395820462768426751e-05,-6.717522169713774360e-02
1.455299999999737359e+01,-1.860943169741648973e-01,-1.397978572104108252e-05,-6.629537773176785720e-02
1.458599999999735530e+01,-1.840833599894082795e-01,-1.399773111199209552e-05,-6.542687559141668885e-02
1.461899999999733701e+01,-1.820934397984323994e-01,-1.401214514817894496e-05,-6.456957338148683334e-02
1.465199999999731872e+01,-1.801243502906100247e-01,-1.402312977205610878e-05,-6.372333087885806435e-02
1.468499999999730043e+01,-1.781758870851284371e-01,-1.403078511685862395e-05,-6.288800951473660916e-02
1.471799999999728215e+01,-1.762478475228501651e-01,-1.403520935561175520e-05,-6.206347235768205906e-02
1.475099999999726386e+01,-1.743400306580813464e-01,-1.403649797282469081e-05,-6.124958409670000492e-02
1.478399999999724557e+01,-1.724522372501979817e-01,-1.403474378758318153e-05,-6.044621102443237248e-02
1.481699999999722728e+01,-1.705842697551744891e-01,-1.403003921307544033e-05,-5.965322102052894593e-02
1.484999999999720899e+01,-1.687359323169879133e-01,-1.402247211590434972e-05,-5.887048353503310238e-02
1.488299999999719070e+01,-1.669070307589262114e-01,-1.401213034313286698e-05,-5.809786957198070922e-02
1.491599999999717241e+01,-1.650973725747846288e-01,-1.399909911459218392e-05,-5.733525167302033765e-02
1.494899999999715412e+01,-1.633067669199803618e-01,-1.398346210201850681e-05,-5.658250390123065188e-02
1.498199999999713583e+01,-1.615350246025748504e-01,-1.396529896702247697e-05,-5.583950182498575998e-02
1.501499999999711754e+01,-1.597819580742072532e-01,-1.394469011284371618e-05,-5.510612250196977868e-02
1.504799999999709925e+01,-1.580473814209302219e-01,-1.392171284564369671e-05,-5.438224446334949391e-02
1.508099999999708096e+01,-1.563311103540172553e-01,-1.389644345728413555e-05,-5.366774769795945588e-02
1.511399999999706267e+01,-1.546329622006297200e-01,-1.386895487076600375e-05,-5.296251363671444778e-02
1.514699999999704438e+01,-1.529527558944767662e-01,-1.383932023202305572e-05,-5.226642513707879800e-02
1.517999999999702609e+01,-1.512903119663562279e-01,-1.380760924796220479e-05,-5.157936646767957711e-02
1.521299999999700781e+01,-1.496454525347328257e-01,-1.377389126844263956e-05,-5.090122329303170545e-02
1.524599999999698952e+01,-1.480180012961049840e-01,-1.373823297790011111e-05,-5.023188265838740563e-02
1.527899999999697123e+01,-1.464077835154622420e-01,-1.370070155548575030e-05,-4.957123297469223644e-02
1.531199999999695294e+01,-1.448146260166414123e-01,-1.366135911773369571e-05,-4.891916400369211715e-02
1.534499999999693465e+01,-1.432383571725868165e-01,-1.362026925022519208e-05,-4.827556684312739321e-02
1.537799999999691636e+01,-1.416788068956584823e-01,-1.357749309605082999e-05,-4.764033391209743229e-02
1.541099999999689807e+01,-1.401358066278586278e-01,-1.353309035234673274e-05,-4.701335893647140551e-02
1.544399999999687978e+01,-1.386091893310013035e-01,-1.348711883508713072e-05,-4.639453693451223160e-02
1.547699999999686149e+01,-1.370987894768820325e-01,-1.343963558753102916e-05,-4.578376420253249535e-02
1.550999999999684320e+01,-1.356044430374119258e-01,-1.339069516248514446e-05,-4.518093830074754180e-02
1.554299999999682491e+01,-1.341259874747269265e-01,-1.334035293609758810e-05,-4.458595803922094092e-02
1.557599999999680662e+01,-1.326632617312526463e-01,-1.328866124072902721e-05,-4.399872346389344102e-02
1.560899999999678833e+01,-1.312161062197905181e-01,-1.323567066879860477e-05,-4.341913584279843974e-02
1.564199999999677004e+01,-1.297843628135311178e-01,-1.318143268136395818e-05,-4.284709765237870727e-02
1.567499999999675175e+01,-1.283678748361118949e-01,-1.312599596214880648e-05,-4.228251256389725654e-02
1.570799999999673346e+01,-1.269664870516233890e-01,-1.306940700285252888e-05,-4.172528542999032197e-02
1.574099999999671518e+01,-1.255800456546065647e-01,-1.301171428469416469e-05,-4.117532227135178857e-02
1.577399999999669689e+01,-1.242083982600803438e-01,-1.295296258430056469e-05,-4.063253026352597885e-02
1.580699999999667860e+01,-1.228513938935034133e-01,-1.289319572173042161e-05,-4.009681772380879750e-02
1.583999999999666031e+01,-1.215088829807928761e-01,-1.283245735184124214e-05,-3.956809409830341906e-02
1.587299999999664202e+01,-1.201807173383091509e-01,-1.277078954142751854e-05,-3.904626994905235904e-02
1.590599999999662373e+01,-1.188667501628426493e-01,-1.270823281362964963e-05,-3.853125694132764067e-02
1.593899999999660544e+01,-1.175668360216182151e-01,-1.264482767648900108e-05,-3.802296783103109590e-02
1.597199999999658715e+01,-1.162808308423013415e-01,-1.258061401809840163e-05,-3.752131645217460232e-02
1.600499999999657774e+01,-1.150085919030203740e-01,-1.251562840387521192e-05,-3.702621770455216677e-02
1.603799999999661807e+01,-1.137499778223638458e-01,-1.244990844906368466e-05,-3.653758754146352317e-02
1.607099999999665840e+01,-1.125048485494382078e-01,-1.238349020127316180e-05,-3.605534295757806262e-02
1.610399999999669873e+01,-1.112730653539006909e-01,-1.231640901089292583e-05,-3.557940197692666118e-02
1.613699999999673906e+01,-1.100544908160294710e-01,-1.224869905147585314e-05,-3.510968364101074712e-02
1.616999999999677939e+01,-1.088489888167991637e-01,-1.218039354711208944e-05,-3.464610799699485710e-02
1.620299999999681972e+01,-1.076564245280025034e-01,-1.211152508595603194e-05,-3.418859608606794609e-02
1.623599999999686005e+01,-1.064766644023276143e-01,-1.204212578009844492e-05,-3.373706993184910630e-02
1.626899999999690039e+01,-1.053095761635258754e-01,-1.197222620685778338e-05,-3.329145252898157992e-02
1.630199999999694072e+01,-1.041550287965726795e-01,-1.190185570809632054e-05,-3.285166783179249705e-02
1.633499999999698105e+01,-1.030128925378459570e-01,-1.183104412749713674e-05,-3.241764074308228771e-02
1.636799999999702138e+01,-1.018830388653579888e-01,-1.175982004308906426e-05,-3.198929710302422791e-02
1.640099999999706171e+01,-1.007653404889889970e-01,-1.168821039421175101e-05,-3.156656367816168540e-02
1.643399999999710204e+01,-9.965967134074737999e-02,-1.161624297019159258e-05,-3.114936815056346120e-02
1.646699999999714237e+01,-9.856590656508501525e-02,-1.154394326619012645e-05,-3.073763910701998725e-02
1.649999999999718270e+01,-9.748392250920723257e-02,-1.147133697099178562e-05,-3.033130602840117263e-02
1.653299999999722303e+01,-9.641359671347338178e-02,-1.139844905573283995e-05,-2.993029927910839660e-02
1.656599999999726336e+01,-9.535480790176009691e-02,-1.132530339020831889e-05,-2.953455009662775410e-02
1.659899999999730369e+01,-9.430743597189383820e-02,-1.125192390638574125e-05,-2.914399058122363328e-02
1.663199999999734402e+01,-9.327136198614560669e-02,-1.117833298280856980e-05,-2.875855368565893855e-02
1.666499999999738435e+01,-9.224646816169901342e-02,-1.110455324138115429e-05,-2.837817320514268715e-02
1.669799999999742468e+01,-9.123263786121604824e-02,-1.103060523632848344e-05,-2.800278376725273688e-02
1.673099999999746501e+01,-9.022975558340995406e-02,-1.095651006544073880e-05,-2.763232082208766371e-02
1.676399999999750534e+01,-8.923770695365185190e-02,-1.088228912315969410e-05,-2.726672063240620503e-02
1.679699999999754567e+01,-8.825637871463065665e-02,-1.080796103636316730e-05,-2.690592026397098380e-02
1.682999999999758600e+01,-8.728565871706628343e-02,-1.073354579794738584e-05,-2.654985757593131268e-02
1.686299999999762633e+01,-8.632543591044417042e-02,-1.065906170083508187e-05,-2.619847121131790857e-02
1.689599999999766666e+01,-8.537560033379243407e-02,-1.058452656188535457e-05,-2.585170058766728118e-02
1.692899999999770699e+01,-8.443604310650520972e-02,-1.050995755491612726e-05,-2.550948588771184689e-02
1.696199999999774732e+01,-8.350665641920862470e-02,-1.043537317801934705e-05,-2.517176805019616381e-02
1.699499999999778765e+01,-8.258733352469604938e-02,-1.036078886151869938e-05,-2.483848876076955037e-02
1.702799999999782798e+01,-8.167796872887045367e-02,-1.028622034837667343e-05,-2.450959044300304868e-02
1.706099999999786831e+01,-8.077845738174893597e-02,-1.021168355119783655e-05,-2.418501624947744233e-02
1.709399999999790865e+01,-7.988869586851166105e-02,-1.013719440834393026e-05,-2.386471005297963188e-02
1.712699999999794898e+01,-7.900858160059698321e-02,-1.006276660930893740e-05,-2.354861643779670999e-02
1.715999999999798931e+01,-7.813801300686229467e-02,-9.988413653516658997e-06,-2.323668069112372336e-02
1.719299999999802964e+01,-7.727688952475908479e-02,-9.914150836287660695e-06,-2.292884879450340918e-02
1.722599999999806997e+01,-7.642511159158615897e-02,-9.839990864790593150e-06,-2.262506741543290900e-02
1.725899999999811030e+01,-7.558258063575351571e-02,-9.765945838680067936e-06,-2.232528389901666799e-02
1.729199999999815063e+01,-7.474919906815813420e-02,-9.692028678287556431e-06,-2.202944625974545545e-02
1.732499999999819096e+01,-7.392487027354555096e-02,-9.618252230225721178e-06,-2.173750317332512338e-02
1.735799999999823129e+01,-7.310949860194959626e-02,-9.544627038060582436e-06,-2.144940396862615728e-02
1.739099999999827162e+01,-7.230298936018542122e-02,-9.471164842622670221e-06,-2.116509861972204476e-02
1.742399999999831195e+01,-7.150524880338338107e-02,-9.397876332251087206e-06,-2.088453773799159308e-02
1.745699999999835228e+01,-7.071618412657620922e-02,-9.324772493712885080e-06,-2.060767256434736794e-02
1.748999999999839261e+01,-6.993570345634836372e-02,-9.251863117398784198e-06,-2.033445496152097576e-02
1.752299999999843294e+01,-6.916371584252267724e-02,-9.179158858785285702e-06,-2.006483740644071645e-02
1.755599999999847327e+01,-6.840013124988786331e-02,-9.106667532066126114e-06,-1.979877298269805408e-02
1.758899999999851360e+01,-6.764486055000418219e-02,-9.034399809593196551e-06,-1.953621537311533984e-02
1.762199999999855393e+01,-6.689781551306595020e-02,-8.962364175246761988e-06,-1.927711885236504941e-02
1.765499999999859426e+01,-6.615890879978181260e-02,-8.890568232722273478e-06,-1.902143827972402335e-02
1.768799999999863459e+01,-6.542805395331896534e-02,-8.819022205841520190e-06,-1.876912909181172040e-02
1.772099999999867492e+01,-6.470516539132198375e-02,-8.747731748748321934e-06,-1.852014729553097538e-02
1.775399999999871525e+01,-6.399015839796007299e-02,-8.676705745003232551e-06,-1.827444946102474432e-02
1.778699999999875558e+01,-6.328294911605070183e-02,-8.605951974161030193e-06,-1.803199271469324572e-02
1.781999999999879591e+01,-6.258345453920455270e-02,-8.535476291982035946e-06,-1.779273473235676306e-02
1.785299999999883624e+01,-6.189159250403442059e-02,-8.465286138736871635e-06,-1.755663373243798731e-02
1.788599999999887658e+01,-6.120728168244227163e-02,-8.395387660620201586e-06,-1.732364846924738799e-02
1.791899999999891691e+01,-6.053044157393649982e-02,-8.325787796970018917e-06,-1.709373822635740225e-02
1.795199999999895724e+01,-5.986099249800957978e-02,-8.256492066927023643e-06,-1.686686281001570364e-02
1.798499999999899757e+01,-5.919885558653525948e-02,-8.187506583823278561e-06,-1.664298254267926325e-02
1.801799999999903790e+01,-5.854395277629009797e-02,-8.118835967962922950e-06,-1.642205825659104335e-02
1.805099999999907823e+01,-5.789620680147322673e-02,-8.050486808741652567e-06,-1.620405128744373258e-02
1.808399999999911856e+01,-5.725554118626696720e-02,-7.982463253064508990e-06,-1.598892346812341714e-02
1.811699999999915889e+01,-5.662188023753067512e-02,-7.914770666417325629e-06,-1.577663712249766093e-02
1.814999999999919922e+01,-5.599514903745550498e-02,-7.847413312944695463e-06,-1.556715505932437793e-02
1.818299999999923955e+01,-5.537527343631509780e-02,-7.780395741008305777e-06,-1.536044056618557363e-02
1.821599999999927988e+01,-5.476218004526778316e-02,-7.713722009583534600e-06,-1.515645740352233872e-02
1.824899999999932021e+01,-5.415579622923161196e-02,-7.647396402354900147e-06,-1.495516979871602814e-02
1.828199999999936054e+01,-5.355605009976471820e-02,-7.581422577729313161e-06,-1.475654244025292883e-02
1.831499999999940087e+01,-5.296287050804693308e-02,-7.515804272273385322e-06,-1.456054047196886359e-02
1.834799999999944120e+01,-5.237618703785429375e-02,-7.450545140841313696e-06,-1.436712948733465112e-02
1.838099999999948153e+01,-5.179592999867921321e-02,-7.385647409208218050e-06,-1.417627552383393663e-02
1.841399999999952186e+01,-5.122203041880801777e-02,-7.321115262470812013e-06,-1.398794505738187866e-02
1.844699999999956219e+01,-5.065442003851572395e-02,-7.256951268352906936e-06,-1.380210499682554826e-02
1.847999999999960252e+01,-5.009303130325726272e-02,-7.193158369389607287e-06,-1.361872267853492247e-02
1.851299999999964285e+01,-4.953779735697949604e-02,-7.129738476052693841e-06,-1.343776586099743042e-02
1.854599999999968318e+01,-4.898865203542435154e-02,-7.066694472257495363e-06,-1.325920271954217355e-02
1.857899999999972351e+01,-4.844552985954031499e-02,-7.004028788060168154e-06,-1.308300184105348762e-02
1.861199999999976384e+01,-4.790836602887260653e-02,-6.941743212252049489e-06,-1.290913221882838968e-02
1.864499999999980417e+01,-4.737709641508836000e-02,-6.879839634876816490e-06,-1.273756324744290680e-02
1.867799999999984450e+01,-4.685165755546805144e-02,-6.818320566814861650e-06,-1.256826471769834086e-02
1.871099999999988484e+01,-4.633198664654258891e-02,-6.757186321593167122e-06,-1.240120681161194227e-02
1.874399999999992517e+01,-4.581802153769842789e-02,-6.696440569164963108e-06,-1.223636009748219067e-02
1.877699999999996550e+01,-4.530970072487860989e-02,-6.636082395594655736e-06,-1.207369552502335353e-02
1.881000000000000583e+01,-4.480696334431399919e-02,-6.576114785161735199e-06,-1.191318442052491378e-02
1.884300000000004616e+01,-4.430974916633623195e-02,-6.516538856082831899e-06,-1.175479848210336797e-02
1.887600000000008649e+01,-4.381799858920487623e-02,-6.457354435163153994e-06,-1.159850977499132796e-02
1.890900000000012682e+01,-4.333165263299676440e-02,-6.398563527909573168e-06,-1.144429072689945315e-02
1.894200000000016715e+01,-4.285065293355572180e-02,-6.340166665452784400e-06,-1.129211412340325182e-02
1.897500000000020748e+01,-4.237494173649558604e-02,-6.282164252802147075e-06,-1.114195310343113476e-02
1.900800000000024781e+01,-4.190446189122276621e-02,-6.224557123957197291e-06,-1.099378115475602158e-02
1.904100000000028814e+01,-4.143915684504584362e-02,-6.167346481511515321e-06,-1.084757210960063389e-02
1.907400000000032847e+01,-4.097897063730471245e-02,-6.110531602487867531e-06,-1.070330014023923582e-02
1.910700000000036880e+01,-4.052384789356899830e-02,-6.054113322662146857e-06,-1.056093975468463952e-02
1.914000000000040913e+01,-4.007373381988266203e-02,-5.998091788583792550e-06,-1.042046579240896165e-02
1.917300000000044946e+01,-3.962857419704768347e-02,-5.942467029562692460e-06,-1.028185342016030290e-02
1.920600000000048979e+01,-3.918831537495393036e-02,-5.887239541202404780e-06,-1.014507812776521689e-02
1.923900000000053012e+01,-3.875290426697119983e-02,-5.832408738193350928e-06,-1.001011572402177308e-02
1.927200000000057045e+01,-3.832228834439277421e-02,-5.777974292797694034e-06,-9.876942332651239553e-03
1.930500000000061078e+01,-3.789641563087720044e-02,-5.723937324120242920e-06,-9.745534388269305737e-03
1.933800000000065111e+01,-3.747523469703217813e-02,-5.670296123305718083e-06,-9.615868632424806606e-03
1.937100000000069144e+01,-3.705869465496292037e-02,-5.617050226724984441e-06,-9.487922109681079519e-03
1.940400000000073177e+01,-3.664674515287913437e-02,-5.564200236563010549e-06,-9.361672163759493515e-03
1.943700000000077210e+01,-3.623933636980680717e-02,-5.511744928909934060e-06,-9.237096433700742182e-03
1.947000000000081243e+01,-3.583641901024314791e-02,-5.459683801944947845e-06,-9.114172850111401658e-03
1.950300000000085276e+01,-3.543794429897317855e-02,-5.408017074159943149e-06,-8.992879631417594055e-03
1.953600000000089310e+01,-3.504386397586145563e-02,-5.356742627249388988e-06,-8.873195280202139656e-03
1.956900000000093343e+01,-3.465413029068820094e-02,-5.305860087290170668e-06,-8.755098579550590898e-03
1.960200000000097376e+01,-3.426869599806714461e-02,-5.255369291745637383e-06,-8.638568589475426052e-03
1.963500000000101409e+01,-3.388751435239001353e-02,-5.205268689856268338e-06,-8.523584643352677404e-03
1.966800000000105442e+01,-3.351053910280121784e-02,-5.155557282421341370e-06,-8.410126344434942780e-03
1.970100000000109475e+01,-3.313772448823293360e-02,-5.106234460150460563e-06,-8.298173562389266067e-03
1.973400000000113508e+01,-3.276902523250413424e-02,-5.057298455568570716e-06,-8.187706429856334012e-03
1.976700000000117541e+01,-3.240439653942317477e-02,-5.008748966695009130e-06,-8.078705339119807149e-03
1.980000000000121574e+01,-3.204379408795254847e-02,-4.960584838009651776e-06,-7.971150938734794522e-03
1.983300000000125607e+01,-3.168717402743048694e-02,-4.912803901468976164e-06,-7.865024130259357094e-03
1.986600000000129640e+01,-3.133449297280854751e-02,-4.865405614395967859e-06,-7.760306064991340236e-03
1.989900000000133673e+01,-3.098570799994782021e-02,-4.818388725347233503e-06,-7.656978140767378704e-03
1.993200000000137706e+01,-3.064077664098086018e-02,-4.771751862087114660e-06,-7.555021998774336112e-03
1.996500000000141739e+01,-3.029965687965230359e-02,-4.725493219837062497e-06,-7.454419520456667669e-03
1.999800000000145772e+01,-2.996230714677849960e-02,-4.679611896207802602e-06,-7.355152824382926724e-03
